L1,L2,L3,L4
All Products,Hard Panel PV,Mono Silicone Hard,Mono Silicone Hard 1x2
All Products,Hard Panel PV,Mono Silicone Hard,Mono Silicone Hard 2x4
All Products,Hard Panel PV,Mono Silicone Hard,Mono Silicone Hard 2x6
All Products,Hard Panel PV,Mono Silicone Hard,Mono Silicone Hard 2x8
All Products,Hard Panel PV,Mono Silicone Hard,Mono Silicone Hard 4x4
All Products,Hard Panel PV,Mono Silicone Hard,Mono Silicone Hard 4x6
All Products,Hard Panel PV,Mono Silicone Hard,Mono Silicone Hard 4x8
All Products,Hard Panel PV,Poly Silicone Hard,Poly Silicone Hard 1x2
All Products,Hard Panel PV,Poly Silicone Hard,Poly Silicone Hard 2x4
All Products,Hard Panel PV,Poly Silicone Hard,Poly Silicone Hard 2x6
All Products,Hard Panel PV,Poly Silicone Hard,Poly Silicone Hard 2x8
All Products,Hard Panel PV,Poly Silicone Hard,Poly Silicone Hard 4x4
All Products,Hard Panel PV,Poly Silicone Hard,Poly Silicone Hard 4x6
All Products,Hard Panel PV,String Ribbon Hard,String Ribbon Hard 1x2
All Products,Hard Panel PV,String Ribbon Hard,String Ribbon Hard 2x4
All Products,Hard Panel PV,String Ribbon Hard,String Ribbon Hard 2x6
All Products,Hard Panel PV,String Ribbon Hard,String Ribbon Hard 2x8
All Products,Hard Panel PV,String Ribbon Hard,String Ribbon Hard 4x4
All Products,Hard Panel PV,String Ribbon Hard,String Ribbon Hard 4x6
All Products,Hard Panel PV,Building Integrated Hard,Building Integrated Hard 1x2
All Products,Hard Panel PV,Building Integrated Hard,Building Integrated Hard 2x4
All Products,Hard Panel PV,Building Integrated Hard,Building Integrated Hard 2x6
All Products,Hard Panel PV,Building Integrated Hard,Building Integrated Hard 2x8
All Products,Hard Panel PV,Building Integrated Hard,Building Integrated Hard 4x4
All Products,Hard Panel PV,Building Integrated Hard,Building Integrated Hard 4x6
All Products,Hard Panel PV,Hybrid Hard,Hybrid Hard 1x2
All Products,Hard Panel PV,Hybrid Hard,Hybrid Hard 2x4
All Products,Hard Panel PV,Hybrid Hard,Hybrid Hard 2x6
All Products,Hard Panel PV,Hybrid Hard,Hybrid Hard 2x8
All Products,Hard Panel PV,Hybrid Hard,Hybrid Hard 4x4
All Products,Hard Panel PV,Hybrid Hard,Hybrid Hard 4x6
All Products,Soft Panel PV,Mono Silicone Soft,Mono Silicone Soft 1x2
All Products,Soft Panel PV,Mono Silicone Soft,Mono Silicone Soft 2x4
All Products,Soft Panel PV,Mono Silicone Soft,Mono Silicone Soft 2x6
All Products,Soft Panel PV,Mono Silicone Soft,Mono Silicone Soft 2x8
All Products,Soft Panel PV,Mono Silicone Soft,Mono Silicone Soft 4x4
All Products,Soft Panel PV,Mono Silicone Soft,Mono Silicone Soft 4x6
All Products,Soft Panel PV,Poly Silicone Soft,Poly Silicone Soft 1x2
All Products,Soft Panel PV,Poly Silicone Soft,Poly Silicone Soft 2x4
All Products,Soft Panel PV,Poly Silicone Soft,Poly Silicone Soft 2x6
All Products,Soft Panel PV,Poly Silicone Soft,Poly Silicone Soft 2x8
All Products,Soft Panel PV,Poly Silicone Soft,Poly Silicone Soft 4x4
All Products,Soft Panel PV,Poly Silicone Soft,Poly Silicone Soft 4x6
All Products,Soft Panel PV,String Ribbon Soft,String Ribbon Soft 1x2
All Products,Soft Panel PV,String Ribbon Soft,String Ribbon Soft 2x4
All Products,Soft Panel PV,String Ribbon Soft,String Ribbon Soft 2x6
All Products,Soft Panel PV,String Ribbon Soft,String Ribbon Soft 2x8
All Products,Soft Panel PV,String Ribbon Soft,String Ribbon Soft 4x4
All Products,Soft Panel PV,String Ribbon Soft,String Ribbon Soft 4x6
All Products,Soft Panel PV,Building Integrated Soft,Building Integrated Soft 1x2
All Products,Soft Panel PV,Building Integrated Soft,Building Integrated Soft 2x4
All Products,Soft Panel PV,Building Integrated Soft,Building Integrated Soft 2x6
All Products,Soft Panel PV,Building Integrated Soft,Building Integrated Soft 2x8
All Products,Soft Panel PV,Building Integrated Soft,Building Integrated Soft 4x4
All Products,Soft Panel PV,Building Integrated Soft,Building Integrated Soft 4x6
All Products,Soft Panel PV,Hybrid Soft,Hybrid Soft 1x2
All Products,Soft Panel PV,Hybrid Soft,Hybrid Soft 2x4
All Products,Soft Panel PV,Hybrid Soft,Hybrid Soft 2x6
All Products,Soft Panel PV,Hybrid Soft,Hybrid Soft 2x8
All Products,Soft Panel PV,Hybrid Soft,Hybrid Soft 4x4
All Products,Soft Panel PV,Hybrid Soft,Hybrid Soft 4x6
